{"cameraMode":{"drawMode":0,"name":"Shaded","section":"Shading Mode"},"sceneLighting":true,"audioPlay":false,"sceneViewState":{"m_AlwaysRefresh":false,"showFog":true,"showSkybox":true,"showFlares":true,"showImageEffects":true,"showParticleSystems":true,"showVisualEffectGraphs":true,"m_FxEnabled":true},"in2DMode":false,"pivot":{"x":21.611440658569337,"y":60.10452651977539,"z":58.14978790283203},"rotation":{"x":-0.0005513452342711389,"y":0.9792011976242065,"z":-0.20289289951324464,"w":-0.0026416920591145756},"size":0.10901790857315064,"orthographic":false}